{
    "swagger": "2.0",
    "info": {
        "description": "This is an API to handle web socket server actions dispatch",
        "title": "Actions micro API",
        "termsOfService": "http://swagger.io/terms/",
        "contact": {
            "name": "API Support",
            "email": "dev@telar.dev"
        },
        "license": {
            "name": "MIT",
            "url": "https://github.com/red-gold/telar-web/blob/master/LICENSE"
        },
        "version": "1.0"
    },
    "host": "social.faas.telar.dev",
    "basePath": "/actions",
    "paths": {
        "/dispatch/{roomId}": {
            "post": {
                "security": [
                    {
                        "JWT": []
                    }
                ],
                "description": "Handles the creation of a new actionRoom by dispatching a request to the websocket server",
                "produces": [
                    "application/json"
                ],
                "tags": [
                    "actions"
                ],
                "summary": "Create a new actionRoom",
                "parameters": [
                    {
                        "type": "string",
                        "default": "Bearer \u003cAdd_token_here\u003e",
                        "description": "Authentication",
                        "name": "Authorization",
                        "in": "header",
                        "required": true
                    },
                    {
                        "type": "string",
                        "description": "ActionRoom ID",
                        "name": "roomId",
                        "in": "path",
                        "required": true
                    }
                ],
                "responses": {
                    "200": {
                        "description": "OK",
                        "schema": {
                            "type": "string"
                        }
                    },
                    "400": {
                        "description": "Bad request",
                        "schema": {
                            "$ref": "#/definitions/utils.TelarError"
                        }
                    },
                    "500": {
                        "description": "Internal server error",
                        "schema": {
                            "$ref": "#/definitions/utils.TelarError"
                        }
                    }
                }
            }
        },
        "/room": {
            "put": {
                "security": [
                    {
                        "JWT": []
                    }
                ],
                "description": "Updates an existing actionRoom with new data",
                "consumes": [
                    "application/json"
                ],
                "produces": [
                    "application/json"
                ],
                "tags": [
                    "actions"
                ],
                "summary": "Update an actionRoom",
                "parameters": [
                    {
                        "type": "string",
                        "default": "Bearer \u003cAdd_token_here\u003e",
                        "description": "Authentication",
                        "name": "Authorization",
                        "in": "header",
                        "required": true
                    },
                    {
                        "description": "ActionRoom Model",
                        "name": "body",
                        "in": "body",
                        "required": true,
                        "schema": {
                            "$ref": "#/definitions/models.ActionRoomModel"
                        }
                    }
                ],
                "responses": {
                    "200": {
                        "description": "OK",
                        "schema": {
                            "type": "string"
                        }
                    },
                    "400": {
                        "description": "Bad request",
                        "schema": {
                            "$ref": "#/definitions/utils.TelarError"
                        }
                    },
                    "500": {
                        "description": "Internal server error",
                        "schema": {
                            "$ref": "#/definitions/utils.TelarError"
                        }
                    }
                }
            },
            "post": {
                "security": [
                    {
                        "JWT": []
                    }
                ],
                "description": "Handles the creation of a new actionRoom by parsing the request body and saving the actionRoom to the database",
                "consumes": [
                    "application/json"
                ],
                "produces": [
                    "application/json"
                ],
                "tags": [
                    "actions"
                ],
                "summary": "Create a new actionRoom",
                "parameters": [
                    {
                        "type": "string",
                        "default": "Bearer \u003cAdd_token_here\u003e",
                        "description": "Authentication",
                        "name": "Authorization",
                        "in": "header",
                        "required": true
                    },
                    {
                        "description": "Create ActionRoom Model",
                        "name": "body",
                        "in": "body",
                        "required": true,
                        "schema": {
                            "$ref": "#/definitions/models.CreateActionRoomModel"
                        }
                    }
                ],
                "responses": {
                    "200": {
                        "description": "ActionRoom created successfully",
                        "schema": {
                            "type": "object",
                            "properties": {
                                "objectId": {
                                    "type": "string"
                                }
                            }
                        }
                    },
                    "400": {
                        "description": "Bad request",
                        "schema": {
                            "$ref": "#/definitions/utils.TelarError"
                        }
                    },
                    "500": {
                        "description": "Internal server error",
                        "schema": {
                            "$ref": "#/definitions/utils.TelarError"
                        }
                    }
                }
            }
        },
        "/room/access-key": {
            "get": {
                "security": [
                    {
                        "JWT": []
                    }
                ],
                "description": "Retrieves the access key for the current user",
                "produces": [
                    "application/json"
                ],
                "tags": [
                    "actions"
                ],
                "summary": "Get access key",
                "parameters": [
                    {
                        "type": "string",
                        "default": "Bearer \u003cAdd_token_here\u003e",
                        "description": "Authentication",
                        "name": "Authorization",
                        "in": "header",
                        "required": true
                    }
                ],
                "responses": {
                    "200": {
                        "description": "Access key retrieved successfully",
                        "schema": {
                            "type": "object",
                            "properties": {
                                "accessKey": {
                                    "type": "string"
                                }
                            }
                        }
                    },
                    "400": {
                        "description": "Bad request",
                        "schema": {
                            "$ref": "#/definitions/utils.TelarError"
                        }
                    },
                    "500": {
                        "description": "Internal server error",
                        "schema": {
                            "$ref": "#/definitions/utils.TelarError"
                        }
                    }
                }
            },
            "put": {
                "security": [
                    {
                        "JWT": []
                    }
                ],
                "description": "Sets a new access key for the current user",
                "produces": [
                    "application/json"
                ],
                "tags": [
                    "actions"
                ],
                "summary": "Set access key",
                "parameters": [
                    {
                        "type": "string",
                        "default": "Bearer \u003cAdd_token_here\u003e",
                        "description": "Authentication",
                        "name": "Authorization",
                        "in": "header",
                        "required": true
                    }
                ],
                "responses": {
                    "200": {
                        "description": "Access key set successfully",
                        "schema": {
                            "type": "object",
                            "properties": {
                                "accessKey": {
                                    "type": "string"
                                }
                            }
                        }
                    },
                    "400": {
                        "description": "Bad request",
                        "schema": {
                            "$ref": "#/definitions/utils.TelarError"
                        }
                    },
                    "500": {
                        "description": "Internal server error",
                        "schema": {
                            "$ref": "#/definitions/utils.TelarError"
                        }
                    }
                }
            }
        },
        "/room/verify": {
            "post": {
                "security": [
                    {
                        "JWT": []
                    }
                ],
                "description": "Verifies the access key for the current user",
                "consumes": [
                    "application/json"
                ],
                "produces": [
                    "application/json"
                ],
                "tags": [
                    "actions"
                ],
                "summary": "Verify access key",
                "parameters": [
                    {
                        "type": "string",
                        "default": "Bearer \u003cAdd_token_here\u003e",
                        "description": "Authentication",
                        "name": "Authorization",
                        "in": "header",
                        "required": true
                    },
                    {
                        "description": "Action Verify Model",
                        "name": "body",
                        "in": "body",
                        "required": true,
                        "schema": {
                            "$ref": "#/definitions/models.ActionVerifyModel"
                        }
                    }
                ],
                "responses": {
                    "200": {
                        "description": "Access key verified successfully",
                        "schema": {
                            "type": "object",
                            "properties": {
                                "isVerified": {
                                    "type": "boolean"
                                }
                            }
                        }
                    },
                    "400": {
                        "description": "Bad request",
                        "schema": {
                            "$ref": "#/definitions/utils.TelarError"
                        }
                    },
                    "500": {
                        "description": "Internal server error",
                        "schema": {
                            "$ref": "#/definitions/utils.TelarError"
                        }
                    }
                }
            }
        },
        "/room/{roomId}": {
            "get": {
                "security": [
                    {
                        "JWT": []
                    }
                ],
                "description": "Retrieves an actionRoom by its ID",
                "produces": [
                    "application/json"
                ],
                "tags": [
                    "actions"
                ],
                "summary": "Get an actionRoom",
                "parameters": [
                    {
                        "type": "string",
                        "default": "Bearer \u003cAdd_token_here\u003e",
                        "description": "Authentication",
                        "name": "Authorization",
                        "in": "header",
                        "required": true
                    },
                    {
                        "type": "string",
                        "description": "ActionRoom ID",
                        "name": "roomId",
                        "in": "path",
                        "required": true
                    }
                ],
                "responses": {
                    "200": {
                        "description": "ActionRoom retrieved successfully",
                        "schema": {
                            "$ref": "#/definitions/models.ActionRoomModel"
                        }
                    },
                    "400": {
                        "description": "Bad request",
                        "schema": {
                            "$ref": "#/definitions/utils.TelarError"
                        }
                    },
                    "500": {
                        "description": "Internal server error",
                        "schema": {
                            "$ref": "#/definitions/utils.TelarError"
                        }
                    }
                }
            },
            "delete": {
                "security": [
                    {
                        "JWT": []
                    }
                ],
                "description": "Handles the deletion of an actionRoom by its ID",
                "produces": [
                    "application/json"
                ],
                "tags": [
                    "actions"
                ],
                "summary": "Delete an actionRoom",
                "parameters": [
                    {
                        "type": "string",
                        "default": "Bearer \u003cAdd_token_here\u003e",
                        "description": "Authentication",
                        "name": "Authorization",
                        "in": "header",
                        "required": true
                    },
                    {
                        "type": "string",
                        "description": "ActionRoom ID",
                        "name": "roomId",
                        "in": "path",
                        "required": true
                    }
                ],
                "responses": {
                    "200": {
                        "description": "OK",
                        "schema": {
                            "type": "string"
                        }
                    },
                    "400": {
                        "description": "Bad request",
                        "schema": {
                            "$ref": "#/definitions/utils.TelarError"
                        }
                    },
                    "500": {
                        "description": "Internal server error",
                        "schema": {
                            "$ref": "#/definitions/utils.TelarError"
                        }
                    }
                }
            }
        }
    },
    "definitions": {
        "models.ActionRoomModel": {
            "type": "object",
            "properties": {
                "accessKey": {
                    "type": "string"
                },
                "created_date": {
                    "type": "integer"
                },
                "objectId": {
                    "type": "string"
                },
                "ownerUserId": {
                    "type": "string"
                },
                "privateKey": {
                    "type": "string"
                },
                "status": {
                    "type": "integer"
                }
            }
        },
        "models.ActionVerifyModel": {
            "type": "object",
            "properties": {
                "accessKey": {
                    "type": "string"
                }
            }
        },
        "models.CreateActionRoomModel": {
            "type": "object",
            "properties": {
                "accessKey": {
                    "type": "string"
                },
                "created_date": {
                    "type": "integer"
                },
                "objectId": {
                    "type": "string"
                },
                "ownerUserId": {
                    "type": "string"
                },
                "privateKey": {
                    "type": "string"
                },
                "status": {
                    "type": "integer"
                }
            }
        },
        "utils.ErrorCodeMessage": {
            "type": "object",
            "properties": {
                "code": {
                    "type": "string"
                },
                "message": {
                    "type": "string"
                }
            }
        },
        "utils.TelarError": {
            "type": "object",
            "properties": {
                "error": {
                    "$ref": "#/definitions/utils.ErrorCodeMessage"
                }
            }
        }
    }
}