{
    "swagger": "2.0",
    "info": {
        "description": "This is an API to authenticate users",
        "title": "Auth micro API",
        "termsOfService": "http://swagger.io/terms/",
        "contact": {
            "name": "API Support",
            "email": "dev@telar.dev"
        },
        "license": {
            "name": "MIT",
            "url": "https://github.com/red-gold/telar-web/blob/master/LICENSE"
        },
        "version": "1.0"
    },
    "host": "social.faas.telar.dev",
    "basePath": "/auth",
    "paths": {
        "/admin/check": {
            "post": {
                "security": [
                    {
                        "HMAC": []
                    }
                ],
                "description": "handler to check whether admin user registered",
                "produces": [
                    "application/json"
                ],
                "tags": [
                    "Admin"
                ],
                "summary": "whether admin user registered",
                "parameters": [
                    {
                        "type": "string",
                        "description": "HMAC signature",
                        "name": "X-Cloud-Signature",
                        "in": "header",
                        "required": true
                    }
                ],
                "responses": {
                    "200": {
                        "description": "OK",
                        "schema": {
                            "type": "object",
                            "properties": {
                                "admin": {
                                    "type": "boolean"
                                }
                            }
                        }
                    },
                    "400": {
                        "description": "Bad Request",
                        "schema": {
                            "$ref": "#/definitions/utils.TelarError"
                        }
                    },
                    "404": {
                        "description": "Not Found",
                        "schema": {
                            "$ref": "#/definitions/utils.TelarError"
                        }
                    },
                    "500": {
                        "description": "Internal Server Error",
                        "schema": {
                            "$ref": "#/definitions/utils.TelarError"
                        }
                    }
                }
            }
        },
        "/admin/login": {
            "post": {
                "description": "Logs in an admin user to the telar social platform",
                "consumes": [
                    "application/json"
                ],
                "produces": [
                    "application/json"
                ],
                "tags": [
                    "admin"
                ],
                "summary": "Admin login",
                "parameters": [
                    {
                        "description": "Login model",
                        "name": "body",
                        "in": "body",
                        "required": true,
                        "schema": {
                            "$ref": "#/definitions/models.LoginModel"
                        }
                    }
                ],
                "responses": {
                    "200": {
                        "description": "OK",
                        "schema": {
                            "type": "object",
                            "properties": {
                                "token": {
                                    "type": "string"
                                }
                            }
                        }
                    },
                    "400": {
                        "description": "Bad request",
                        "schema": {
                            "$ref": "#/definitions/utils.TelarError"
                        }
                    },
                    "500": {
                        "description": "Internal server error",
                        "schema": {
                            "$ref": "#/definitions/utils.TelarError"
                        }
                    }
                }
            }
        },
        "/admin/signup": {
            "get": {
                "description": "return signup page in HTML",
                "produces": [
                    "text/html"
                ],
                "tags": [
                    "Admin"
                ],
                "summary": "return signup page",
                "responses": {
                    "200": {
                        "description": "Signup page",
                        "schema": {
                            "type": "string"
                        }
                    }
                }
            },
            "post": {
                "security": [
                    {
                        "HMAC": []
                    }
                ],
                "description": "signup the admin user and return access token",
                "produces": [
                    "application/json"
                ],
                "tags": [
                    "Admin"
                ],
                "summary": "signup the admin user",
                "parameters": [
                    {
                        "type": "string",
                        "description": "HMAC signature",
                        "name": "X-Cloud-Signature",
                        "in": "header",
                        "required": true
                    }
                ],
                "responses": {
                    "200": {
                        "description": "OK",
                        "schema": {
                            "type": "object",
                            "properties": {
                                "token": {
                                    "type": "string"
                                }
                            }
                        }
                    },
                    "400": {
                        "description": "Bad Request",
                        "schema": {
                            "$ref": "#/definitions/utils.TelarError"
                        }
                    },
                    "404": {
                        "description": "Not Found",
                        "schema": {
                            "$ref": "#/definitions/utils.TelarError"
                        }
                    },
                    "500": {
                        "description": "Internal Server Error",
                        "schema": {
                            "$ref": "#/definitions/utils.TelarError"
                        }
                    }
                }
            }
        },
        "/login": {
            "get": {
                "description": "Renders the login page for Telar Social",
                "produces": [
                    "text/html"
                ],
                "tags": [
                    "Login"
                ],
                "summary": "Login page",
                "responses": {
                    "200": {
                        "description": "Login page HTML",
                        "schema": {
                            "type": "string"
                        }
                    }
                }
            },
            "post": {
                "description": "Authenticates a user with Telar Social credentials",
                "consumes": [
                    "application/x-www-form-urlencoded"
                ],
                "produces": [
                    "application/json"
                ],
                "tags": [
                    "Login"
                ],
                "summary": "Login with Telar Social",
                "parameters": [
                    {
                        "type": "string",
                        "description": "Username",
                        "name": "username",
                        "in": "formData",
                        "required": true
                    },
                    {
                        "type": "string",
                        "description": "Password",
                        "name": "password",
                        "in": "formData",
                        "required": true
                    },
                    {
                        "type": "string",
                        "description": "Response Type",
                        "name": "responseType",
                        "in": "formData"
                    },
                    {
                        "type": "string",
                        "description": "State",
                        "name": "state",
                        "in": "formData"
                    }
                ],
                "responses": {
                    "200": {
                        "description": "User profile and access token",
                        "schema": {
                            "type": "object",
                            "properties": {
                                "accessToken": {
                                    "type": "string"
                                },
                                "redirect": {
                                    "type": "string"
                                },
                                "user": {
                                    "$ref": "#/definitions/models.UserProfileModel"
                                }
                            }
                        }
                    },
                    "400": {
                        "description": "Bad request",
                        "schema": {
                            "$ref": "#/definitions/utils.TelarError"
                        }
                    },
                    "500": {
                        "description": "Internal server error",
                        "schema": {
                            "$ref": "#/definitions/utils.TelarError"
                        }
                    }
                }
            }
        },
        "/login/github": {
            "get": {
                "description": "Redirects the user to GitHub for authentication",
                "produces": [
                    "application/json"
                ],
                "tags": [
                    "Login"
                ],
                "summary": "Login with GitHub",
                "responses": {
                    "307": {
                        "description": "Redirect to GitHub",
                        "schema": {
                            "type": "string"
                        }
                    }
                }
            }
        },
        "/login/google": {
            "get": {
                "description": "Redirects the user to Google for authentication",
                "produces": [
                    "application/json"
                ],
                "tags": [
                    "Login"
                ],
                "summary": "Login with Google",
                "responses": {
                    "307": {
                        "description": "Redirect to Google",
                        "schema": {
                            "type": "string"
                        }
                    }
                }
            }
        },
        "/oauth2/authorized": {
            "get": {
                "description": "Handles OAuth 2.0 redirects and exchanges authorization code for access token",
                "produces": [
                    "application/json"
                ],
                "tags": [
                    "Login"
                ],
                "summary": "OAuth 2.0 Redirect Handler",
                "parameters": [
                    {
                        "type": "string",
                        "description": "Authorization code",
                        "name": "code",
                        "in": "query",
                        "required": true
                    },
                    {
                        "type": "string",
                        "description": "State parameter",
                        "name": "state",
                        "in": "query",
                        "required": true
                    }
                ],
                "responses": {
                    "200": {
                        "description": "User profile and access token",
                        "schema": {
                            "type": "object",
                            "properties": {
                                "URL": {
                                    "type": "string"
                                }
                            }
                        }
                    },
                    "400": {
                        "description": "Bad request",
                        "schema": {
                            "$ref": "#/definitions/utils.TelarError"
                        }
                    },
                    "500": {
                        "description": "Internal server error",
                        "schema": {
                            "$ref": "#/definitions/utils.TelarError"
                        }
                    }
                }
            }
        },
        "/password/change": {
            "post": {
                "description": "change user password",
                "produces": [
                    "application/json"
                ],
                "tags": [
                    "Password"
                ],
                "summary": "change user password",
                "responses": {
                    "200": {
                        "description": "OK",
                        "schema": {
                            "type": "string"
                        }
                    },
                    "400": {
                        "description": "Bad Request",
                        "schema": {
                            "$ref": "#/definitions/utils.TelarError"
                        }
                    },
                    "404": {
                        "description": "Not Found",
                        "schema": {
                            "$ref": "#/definitions/utils.TelarError"
                        }
                    },
                    "500": {
                        "description": "Internal Server Error",
                        "schema": {
                            "$ref": "#/definitions/utils.TelarError"
                        }
                    }
                }
            }
        },
        "/password/forget": {
            "get": {
                "description": "return forget password page",
                "produces": [
                    "text/html"
                ],
                "tags": [
                    "Password"
                ],
                "summary": "return forget password page",
                "responses": {
                    "200": {
                        "description": "Login page HTML",
                        "schema": {
                            "type": "string"
                        }
                    }
                }
            },
            "post": {
                "description": "send forget password link to the user email",
                "produces": [
                    "text/html"
                ],
                "tags": [
                    "Password"
                ],
                "summary": "send forget password email",
                "responses": {
                    "200": {
                        "description": "Login page HTML",
                        "schema": {
                            "type": "string"
                        }
                    },
                    "400": {
                        "description": "Bad Request",
                        "schema": {
                            "$ref": "#/definitions/utils.TelarError"
                        }
                    },
                    "404": {
                        "description": "Not Found",
                        "schema": {
                            "$ref": "#/definitions/utils.TelarError"
                        }
                    },
                    "500": {
                        "description": "Internal Server Error",
                        "schema": {
                            "$ref": "#/definitions/utils.TelarError"
                        }
                    }
                }
            }
        },
        "/password/reset/{verifyId}": {
            "get": {
                "description": "return reset password page",
                "produces": [
                    "text/html"
                ],
                "tags": [
                    "Password"
                ],
                "summary": "return reset password page",
                "parameters": [
                    {
                        "type": "string",
                        "description": "The verify id that sent to user",
                        "name": "verifyId",
                        "in": "path",
                        "required": true
                    }
                ],
                "responses": {
                    "200": {
                        "description": "Login page HTML",
                        "schema": {
                            "type": "string"
                        }
                    }
                }
            },
            "post": {
                "description": "get a password from user and set as a new password",
                "produces": [
                    "application/json"
                ],
                "tags": [
                    "Password"
                ],
                "summary": "reset user password",
                "parameters": [
                    {
                        "type": "string",
                        "description": "The verify id that sent to user",
                        "name": "verifyId",
                        "in": "path",
                        "required": true
                    }
                ],
                "responses": {
                    "200": {
                        "description": "OK",
                        "schema": {
                            "type": "string"
                        }
                    },
                    "400": {
                        "description": "Bad Request",
                        "schema": {
                            "$ref": "#/definitions/utils.TelarError"
                        }
                    },
                    "404": {
                        "description": "Not Found",
                        "schema": {
                            "$ref": "#/definitions/utils.TelarError"
                        }
                    },
                    "500": {
                        "description": "Internal Server Error",
                        "schema": {
                            "$ref": "#/definitions/utils.TelarError"
                        }
                    }
                }
            }
        },
        "/signup": {
            "post": {
                "description": "Handles the generation of a signup token for email or phone verification.",
                "consumes": [
                    "multipart/form-data"
                ],
                "produces": [
                    "application/json"
                ],
                "tags": [
                    "Signup"
                ],
                "summary": "Sign up token generation",
                "parameters": [
                    {
                        "type": "string",
                        "description": "Full name of the user",
                        "name": "fullName",
                        "in": "formData",
                        "required": true
                    },
                    {
                        "type": "string",
                        "description": "Email address of the user",
                        "name": "email",
                        "in": "formData",
                        "required": true
                    },
                    {
                        "type": "string",
                        "description": "Password for the new user account",
                        "name": "newPassword",
                        "in": "formData",
                        "required": true
                    },
                    {
                        "type": "string",
                        "description": "Type of verification (email or phone)",
                        "name": "verifyType",
                        "in": "formData",
                        "required": true
                    },
                    {
                        "type": "string",
                        "description": "Google reCAPTCHA response token",
                        "name": "g-recaptcha-response",
                        "in": "formData",
                        "required": true
                    },
                    {
                        "type": "string",
                        "description": "Response type indicating the desired response format (default or spa)",
                        "name": "responseType",
                        "in": "formData"
                    }
                ],
                "responses": {
                    "200": {
                        "description": "Returns a JSON object containing the generated token if responseType is 'spa', or renders a verification page otherwise.",
                        "schema": {
                            "$ref": "#/definitions/utils.TelarError"
                        }
                    },
                    "400": {
                        "description": "Returns a JSON object describing the missing or invalid parameters.",
                        "schema": {
                            "$ref": "#/definitions/utils.TelarError"
                        }
                    },
                    "500": {
                        "description": "Returns a JSON object indicating an internal server error, such as failure to create a user or verify captcha.",
                        "schema": {
                            "$ref": "#/definitions/utils.TelarError"
                        }
                    }
                }
            }
        },
        "/signup/verify": {
            "post": {
                "description": "handler verify the signup token to register user",
                "consumes": [
                    "multipart/form-data"
                ],
                "tags": [
                    "Signup"
                ],
                "summary": "verify signup token",
                "parameters": [
                    {
                        "maxLength": 6,
                        "minLength": 6,
                        "type": "string",
                        "description": "6 digits code",
                        "name": "code",
                        "in": "formData",
                        "required": true
                    },
                    {
                        "type": "string",
                        "description": "JWT token",
                        "name": "verificaitonSecret",
                        "in": "formData",
                        "required": true
                    },
                    {
                        "enum": [
                            "spa",
                            "ssr"
                        ],
                        "type": "string",
                        "description": "Type of response for SPA/SSR",
                        "name": "responseType",
                        "in": "formData",
                        "required": true
                    }
                ],
                "responses": {
                    "200": {
                        "description": "OK",
                        "schema": {
                            "type": "object"
                        }
                    },
                    "400": {
                        "description": "Bad Request",
                        "schema": {
                            "$ref": "#/definitions/utils.TelarError"
                        }
                    },
                    "404": {
                        "description": "Not Found",
                        "schema": {
                            "$ref": "#/definitions/utils.TelarError"
                        }
                    },
                    "500": {
                        "description": "Internal Server Error",
                        "schema": {
                            "$ref": "#/definitions/utils.TelarError"
                        }
                    }
                }
            }
        }
    },
    "definitions": {
        "constants.UserPermissionConst": {
            "type": "string",
            "enum": [
                "OnlyMe",
                "Public",
                "Circles",
                "Custom"
            ],
            "x-enum-varnames": [
                "OnlyMe",
                "Public",
                "Circles",
                "Custom"
            ]
        },
        "models.LoginModel": {
            "type": "object",
            "properties": {
                "password": {
                    "type": "string"
                },
                "responseType": {
                    "type": "string"
                },
                "state": {
                    "type": "string"
                },
                "username": {
                    "type": "string"
                }
            }
        },
        "models.UserProfileModel": {
            "type": "object",
            "properties": {
                "accessUserList": {
                    "type": "array",
                    "items": {
                        "type": "string"
                    }
                },
                "avatar": {
                    "type": "string"
                },
                "banner": {
                    "type": "string"
                },
                "birthday": {
                    "type": "integer"
                },
                "companyName": {
                    "type": "string"
                },
                "created_date": {
                    "type": "integer"
                },
                "email": {
                    "type": "string"
                },
                "facebookId": {
                    "type": "string"
                },
                "followCount": {
                    "type": "integer"
                },
                "followerCount": {
                    "type": "integer"
                },
                "fullName": {
                    "type": "string"
                },
                "instagramId": {
                    "type": "string"
                },
                "last_updated": {
                    "type": "integer"
                },
                "objectId": {
                    "type": "string"
                },
                "permission": {
                    "$ref": "#/definitions/constants.UserPermissionConst"
                },
                "postCount": {
                    "type": "integer"
                },
                "shareCount": {
                    "type": "integer"
                },
                "socialName": {
                    "type": "string"
                },
                "tagLine": {
                    "type": "string"
                },
                "twitterId": {
                    "type": "string"
                },
                "voteCount": {
                    "type": "integer"
                },
                "webUrl": {
                    "type": "string"
                }
            }
        },
        "utils.ErrorCodeMessage": {
            "type": "object",
            "properties": {
                "code": {
                    "type": "string"
                },
                "message": {
                    "type": "string"
                }
            }
        },
        "utils.TelarError": {
            "type": "object",
            "properties": {
                "error": {
                    "$ref": "#/definitions/utils.ErrorCodeMessage"
                }
            }
        }
    },
    "securityDefinitions": {
        "HMAC": {
            "type": "apiKey",
            "name": "X-Cloud-Signature",
            "in": "header"
        }
    }
}