{
    "swagger": "2.0",
    "info": {
        "description": "This is an API to handle user notifications",
        "title": "Notifications micro API",
        "termsOfService": "http://swagger.io/terms/",
        "contact": {
            "name": "API Support",
            "email": "dev@telar.dev"
        },
        "license": {
            "name": "MIT",
            "url": "https://github.com/red-gold/telar-web/blob/master/LICENSE"
        },
        "version": "1.0"
    },
    "host": "social.faas.telar.dev",
    "basePath": "/notifications",
    "paths": {
        "/": {
            "get": {
                "security": [
                    {
                        "JWT": []
                    }
                ],
                "description": "Handles querying notifications by user ID",
                "consumes": [
                    "application/json"
                ],
                "produces": [
                    "application/json"
                ],
                "tags": [
                    "Notification"
                ],
                "summary": "Get notifications by user ID",
                "parameters": [
                    {
                        "type": "string",
                        "default": "Bearer \u003cAdd_token_here\u003e",
                        "description": "Authentication",
                        "name": "Authorization",
                        "in": "header",
                        "required": true
                    },
                    {
                        "type": "integer",
                        "description": "Page number",
                        "name": "page",
                        "in": "query"
                    },
                    {
                        "type": "integer",
                        "description": "Items per page",
                        "name": "limit",
                        "in": "query"
                    }
                ],
                "responses": {
                    "200": {
                        "description": "OK",
                        "schema": {
                            "type": "array",
                            "items": {
                                "$ref": "#/definitions/dto.Notification"
                            }
                        }
                    },
                    "400": {
                        "description": "Bad Request",
                        "schema": {
                            "$ref": "#/definitions/utils.TelarError"
                        }
                    },
                    "401": {
                        "description": "Unauthorized",
                        "schema": {
                            "$ref": "#/definitions/utils.TelarError"
                        }
                    },
                    "500": {
                        "description": "Internal Server Error",
                        "schema": {
                            "$ref": "#/definitions/utils.TelarError"
                        }
                    }
                }
            },
            "put": {
                "security": [
                    {
                        "JWT": []
                    }
                ],
                "description": "Handles updating a notification by its ID",
                "consumes": [
                    "application/json"
                ],
                "produces": [
                    "application/json"
                ],
                "tags": [
                    "Notification"
                ],
                "summary": "Update a notification",
                "parameters": [
                    {
                        "type": "string",
                        "default": "Bearer \u003cAdd_token_here\u003e",
                        "description": "Authentication",
                        "name": "Authorization",
                        "in": "header",
                        "required": true
                    },
                    {
                        "description": "Notification Model",
                        "name": "body",
                        "in": "body",
                        "required": true,
                        "schema": {
                            "$ref": "#/definitions/models.NotificationModel"
                        }
                    }
                ],
                "responses": {
                    "200": {
                        "description": "OK",
                        "schema": {
                            "type": "string"
                        }
                    },
                    "400": {
                        "description": "Bad Request",
                        "schema": {
                            "$ref": "#/definitions/utils.TelarError"
                        }
                    },
                    "401": {
                        "description": "Unauthorized",
                        "schema": {
                            "$ref": "#/definitions/utils.TelarError"
                        }
                    },
                    "500": {
                        "description": "Internal Server Error",
                        "schema": {
                            "$ref": "#/definitions/utils.TelarError"
                        }
                    }
                }
            },
            "post": {
                "security": [
                    {
                        "JWT": []
                    }
                ],
                "description": "Handles creating a new notification and sending it to the user",
                "consumes": [
                    "application/json"
                ],
                "produces": [
                    "application/json"
                ],
                "tags": [
                    "Notification"
                ],
                "summary": "Create a new notification",
                "parameters": [
                    {
                        "type": "string",
                        "default": "Bearer \u003cAdd_token_here\u003e",
                        "description": "Authentication",
                        "name": "Authorization",
                        "in": "header",
                        "required": true
                    },
                    {
                        "description": "Create Notification Model",
                        "name": "body",
                        "in": "body",
                        "required": true,
                        "schema": {
                            "$ref": "#/definitions/models.CreateNotificationModel"
                        }
                    }
                ],
                "responses": {
                    "200": {
                        "description": "OK",
                        "schema": {
                            "type": "object",
                            "properties": {
                                "objectId": {
                                    "type": "string"
                                }
                            }
                        }
                    },
                    "400": {
                        "description": "Bad Request",
                        "schema": {
                            "$ref": "#/definitions/utils.TelarError"
                        }
                    },
                    "500": {
                        "description": "Internal Server Error",
                        "schema": {
                            "$ref": "#/definitions/utils.TelarError"
                        }
                    }
                }
            }
        },
        "/check": {
            "post": {
                "security": [
                    {
                        "JWT": []
                    }
                ],
                "description": "Checks the latest notifications and sends emails to the users if necessary",
                "consumes": [
                    "application/json"
                ],
                "produces": [
                    "application/json"
                ],
                "tags": [
                    "Notification"
                ],
                "summary": "Check and send notification emails",
                "parameters": [
                    {
                        "type": "string",
                        "default": "Bearer \u003cAdd_token_here\u003e",
                        "description": "Authentication",
                        "name": "Authorization",
                        "in": "header",
                        "required": true
                    }
                ],
                "responses": {
                    "200": {
                        "description": "OK",
                        "schema": {
                            "type": "string"
                        }
                    },
                    "500": {
                        "description": "Internal Server Error",
                        "schema": {
                            "$ref": "#/definitions/utils.TelarError"
                        }
                    }
                }
            }
        },
        "/id/{notificationId}": {
            "delete": {
                "security": [
                    {
                        "JWT": []
                    }
                ],
                "description": "Handles deleting a notification by its ID",
                "consumes": [
                    "application/json"
                ],
                "produces": [
                    "application/json"
                ],
                "tags": [
                    "Notification"
                ],
                "summary": "Delete a notification",
                "parameters": [
                    {
                        "type": "string",
                        "default": "Bearer \u003cAdd_token_here\u003e",
                        "description": "Authentication",
                        "name": "Authorization",
                        "in": "header",
                        "required": true
                    },
                    {
                        "type": "string",
                        "description": "Notification ID",
                        "name": "notificationId",
                        "in": "path",
                        "required": true
                    }
                ],
                "responses": {
                    "200": {
                        "description": "OK",
                        "schema": {
                            "type": "string"
                        }
                    },
                    "400": {
                        "description": "Bad Request",
                        "schema": {
                            "$ref": "#/definitions/utils.TelarError"
                        }
                    },
                    "500": {
                        "description": "Internal Server Error",
                        "schema": {
                            "$ref": "#/definitions/utils.TelarError"
                        }
                    }
                }
            }
        },
        "/seen/{notificationId}": {
            "put": {
                "security": [
                    {
                        "JWT": []
                    }
                ],
                "description": "Set notification as seen by current user",
                "consumes": [
                    "application/json"
                ],
                "produces": [
                    "application/json"
                ],
                "tags": [
                    "notifications"
                ],
                "summary": "Set notification as seen",
                "parameters": [
                    {
                        "type": "string",
                        "default": "Bearer \u003cAdd_token_here\u003e",
                        "description": "Authentication",
                        "name": "Authorization",
                        "in": "header",
                        "required": true
                    },
                    {
                        "type": "string",
                        "description": "Notification ID",
                        "name": "notificationId",
                        "in": "path",
                        "required": true
                    }
                ],
                "responses": {
                    "200": {
                        "description": "OK"
                    },
                    "400": {
                        "description": "Can not parse UUID!",
                        "schema": {
                            "$ref": "#/definitions/utils.TelarError"
                        }
                    },
                    "401": {
                        "description": "Can not get current user",
                        "schema": {
                            "$ref": "#/definitions/utils.TelarError"
                        }
                    },
                    "500": {
                        "description": "Can not update notification!",
                        "schema": {
                            "$ref": "#/definitions/utils.TelarError"
                        }
                    }
                }
            }
        },
        "/seenall": {
            "put": {
                "security": [
                    {
                        "JWT": []
                    }
                ],
                "description": "Set all notifications as seen by current user",
                "consumes": [
                    "application/json"
                ],
                "produces": [
                    "application/json"
                ],
                "tags": [
                    "notifications"
                ],
                "summary": "Set all notifications as seen",
                "parameters": [
                    {
                        "type": "string",
                        "default": "Bearer \u003cAdd_token_here\u003e",
                        "description": "Authentication",
                        "name": "Authorization",
                        "in": "header",
                        "required": true
                    }
                ],
                "responses": {
                    "200": {
                        "description": "OK"
                    },
                    "401": {
                        "description": "Can not get current user",
                        "schema": {
                            "$ref": "#/definitions/utils.TelarError"
                        }
                    },
                    "500": {
                        "description": "Can not update notification!",
                        "schema": {
                            "$ref": "#/definitions/utils.TelarError"
                        }
                    }
                }
            }
        },
        "/{notificationId}": {
            "get": {
                "security": [
                    {
                        "JWT": []
                    }
                ],
                "description": "Handles retrieving a notification by its ID",
                "consumes": [
                    "application/json"
                ],
                "produces": [
                    "application/json"
                ],
                "tags": [
                    "Notification"
                ],
                "summary": "Get a notification",
                "parameters": [
                    {
                        "type": "string",
                        "default": "Bearer \u003cAdd_token_here\u003e",
                        "description": "Authentication",
                        "name": "Authorization",
                        "in": "header",
                        "required": true
                    },
                    {
                        "type": "string",
                        "description": "Notification ID",
                        "name": "notificationId",
                        "in": "path",
                        "required": true
                    }
                ],
                "responses": {
                    "200": {
                        "description": "OK",
                        "schema": {
                            "$ref": "#/definitions/models.NotificationModel"
                        }
                    },
                    "400": {
                        "description": "Bad Request",
                        "schema": {
                            "$ref": "#/definitions/utils.TelarError"
                        }
                    },
                    "401": {
                        "description": "Unauthorized",
                        "schema": {
                            "$ref": "#/definitions/utils.TelarError"
                        }
                    },
                    "500": {
                        "description": "Internal Server Error",
                        "schema": {
                            "$ref": "#/definitions/utils.TelarError"
                        }
                    }
                }
            }
        }
    },
    "definitions": {
        "dto.Notification": {
            "type": "object",
            "properties": {
                "created_date": {
                    "type": "integer"
                },
                "description": {
                    "type": "string"
                },
                "emailNotification": {
                    "type": "integer"
                },
                "isEmailSent": {
                    "type": "boolean"
                },
                "isSeen": {
                    "type": "boolean"
                },
                "notifyRecieverEmail": {
                    "type": "string"
                },
                "notifyRecieverUserId": {
                    "type": "string"
                },
                "objectId": {
                    "type": "string"
                },
                "ownerAvatar": {
                    "type": "string"
                },
                "ownerDisplayName": {
                    "type": "string"
                },
                "ownerUserId": {
                    "type": "string"
                },
                "targetId": {
                    "type": "string"
                },
                "title": {
                    "type": "string"
                },
                "type": {
                    "type": "string"
                },
                "url": {
                    "type": "string"
                }
            }
        },
        "models.CreateNotificationModel": {
            "type": "object",
            "properties": {
                "created_date": {
                    "type": "integer"
                },
                "description": {
                    "type": "string"
                },
                "emailNotification": {
                    "type": "integer"
                },
                "isSeen": {
                    "type": "boolean"
                },
                "notifyRecieverUserId": {
                    "type": "string"
                },
                "objectId": {
                    "type": "string"
                },
                "ownerAvatar": {
                    "type": "string"
                },
                "ownerDisplayName": {
                    "type": "string"
                },
                "ownerUserId": {
                    "type": "string"
                },
                "targetId": {
                    "type": "string"
                },
                "title": {
                    "type": "string"
                },
                "type": {
                    "type": "string"
                },
                "url": {
                    "type": "string"
                }
            }
        },
        "models.NotificationModel": {
            "type": "object",
            "properties": {
                "created_date": {
                    "type": "integer"
                },
                "description": {
                    "type": "string"
                },
                "emailNotification": {
                    "type": "integer"
                },
                "isSeen": {
                    "type": "boolean"
                },
                "notifyRecieverUserId": {
                    "type": "string"
                },
                "objectId": {
                    "type": "string"
                },
                "ownerAvatar": {
                    "type": "string"
                },
                "ownerDisplayName": {
                    "type": "string"
                },
                "ownerUserId": {
                    "type": "string"
                },
                "targetId": {
                    "type": "string"
                },
                "title": {
                    "type": "string"
                },
                "type": {
                    "type": "string"
                },
                "url": {
                    "type": "string"
                }
            }
        },
        "utils.ErrorCodeMessage": {
            "type": "object",
            "properties": {
                "code": {
                    "type": "string"
                },
                "message": {
                    "type": "string"
                }
            }
        },
        "utils.TelarError": {
            "type": "object",
            "properties": {
                "error": {
                    "$ref": "#/definitions/utils.ErrorCodeMessage"
                }
            }
        }
    }
}