{
    "swagger": "2.0",
    "info": {
        "description": "This is an API to handle users profile",
        "title": "Profile micro API",
        "termsOfService": "http://swagger.io/terms/",
        "contact": {
            "name": "API Support",
            "email": "dev@telar.dev"
        },
        "license": {
            "name": "MIT",
            "url": "https://github.com/red-gold/telar-web/blob/master/LICENSE"
        },
        "version": "1.0"
    },
    "host": "social.faas.telar.dev",
    "basePath": "/profile",
    "paths": {
        "/": {
            "get": {
                "security": [
                    {
                        "JWT": []
                    }
                ],
                "description": "Query user profiles by search query",
                "consumes": [
                    "application/json"
                ],
                "produces": [
                    "application/json"
                ],
                "tags": [
                    "profiles"
                ],
                "summary": "Query user profiles",
                "parameters": [
                    {
                        "type": "string",
                        "default": "Bearer \u003cAdd_token_here\u003e",
                        "description": "Authentication",
                        "name": "Authorization",
                        "in": "header",
                        "required": true
                    },
                    {
                        "description": "User profile query model",
                        "name": "query",
                        "in": "body",
                        "required": true,
                        "schema": {
                            "$ref": "#/definitions/handlers.UserProfileQueryModel"
                        }
                    }
                ],
                "responses": {
                    "200": {
                        "description": "OK",
                        "schema": {
                            "type": "array",
                            "items": {
                                "$ref": "#/definitions/dto.UserProfile"
                            }
                        }
                    },
                    "400": {
                        "description": "Bad Request",
                        "schema": {
                            "$ref": "#/definitions/utils.TelarError"
                        }
                    },
                    "500": {
                        "description": "Internal Server Error",
                        "schema": {
                            "$ref": "#/definitions/utils.TelarError"
                        }
                    }
                }
            },
            "put": {
                "security": [
                    {
                        "JWT": []
                    }
                ],
                "description": "Update the profile of the current user",
                "consumes": [
                    "application/json"
                ],
                "produces": [
                    "application/json"
                ],
                "tags": [
                    "profile"
                ],
                "summary": "Update user profile",
                "parameters": [
                    {
                        "type": "string",
                        "default": "Bearer \u003cAdd_token_here\u003e",
                        "description": "Authentication",
                        "name": "Authorization",
                        "in": "header",
                        "required": true
                    },
                    {
                        "description": "Profile Update Model",
                        "name": "body",
                        "in": "body",
                        "required": true,
                        "schema": {
                            "$ref": "#/definitions/models.ProfileUpdateModel"
                        }
                    }
                ],
                "responses": {
                    "200": {
                        "description": "OK",
                        "schema": {
                            "type": "string"
                        }
                    },
                    "400": {
                        "description": "Invalid current user",
                        "schema": {
                            "$ref": "#/definitions/utils.TelarError"
                        }
                    },
                    "500": {
                        "description": "Internal server error",
                        "schema": {
                            "$ref": "#/definitions/utils.TelarError"
                        }
                    }
                }
            }
        },
        "/dispatch": {
            "post": {
                "security": [
                    {
                        "JWT": []
                    }
                ],
                "description": "Dispatch profiles",
                "consumes": [
                    "application/json"
                ],
                "produces": [
                    "application/json"
                ],
                "tags": [
                    "profiles"
                ],
                "summary": "Dispatch profiles",
                "parameters": [
                    {
                        "type": "string",
                        "default": "Bearer \u003cAdd_token_here\u003e",
                        "description": "Authentication",
                        "name": "Authorization",
                        "in": "header",
                        "required": true
                    },
                    {
                        "description": "Dispatch profiles model",
                        "name": "body",
                        "in": "body",
                        "required": true,
                        "schema": {
                            "$ref": "#/definitions/models.DispatchProfilesModel"
                        }
                    }
                ],
                "responses": {
                    "200": {
                        "description": "OK"
                    },
                    "400": {
                        "description": "Bad Request",
                        "schema": {
                            "$ref": "#/definitions/utils.TelarError"
                        }
                    },
                    "500": {
                        "description": "Internal Server Error",
                        "schema": {
                            "$ref": "#/definitions/utils.TelarError"
                        }
                    }
                }
            }
        },
        "/dto": {
            "post": {
                "security": [
                    {
                        "JWT": []
                    }
                ],
                "description": "Create a new user profile",
                "consumes": [
                    "application/json"
                ],
                "produces": [
                    "application/json"
                ],
                "tags": [
                    "profiles"
                ],
                "summary": "Create a new profile",
                "parameters": [
                    {
                        "type": "string",
                        "default": "Bearer \u003cAdd_token_here\u003e",
                        "description": "Authentication",
                        "name": "Authorization",
                        "in": "header",
                        "required": true
                    },
                    {
                        "description": "User profile model",
                        "name": "body",
                        "in": "body",
                        "required": true,
                        "schema": {
                            "$ref": "#/definitions/dto.UserProfile"
                        }
                    }
                ],
                "responses": {
                    "200": {
                        "description": "OK"
                    },
                    "400": {
                        "description": "Bad Request",
                        "schema": {
                            "$ref": "#/definitions/utils.TelarError"
                        }
                    },
                    "500": {
                        "description": "Internal Server Error",
                        "schema": {
                            "$ref": "#/definitions/utils.TelarError"
                        }
                    }
                }
            }
        },
        "/dto/id/{userId}": {
            "get": {
                "security": [
                    {
                        "JWT": []
                    }
                ],
                "description": "Read DTO profile by user ID",
                "consumes": [
                    "application/json"
                ],
                "produces": [
                    "application/json"
                ],
                "tags": [
                    "profiles"
                ],
                "summary": "Read DTO profile by user ID",
                "parameters": [
                    {
                        "type": "string",
                        "default": "Bearer \u003cAdd_token_here\u003e",
                        "description": "Authentication",
                        "name": "Authorization",
                        "in": "header",
                        "required": true
                    },
                    {
                        "type": "string",
                        "description": "User ID",
                        "name": "userId",
                        "in": "path",
                        "required": true
                    }
                ],
                "responses": {
                    "200": {
                        "description": "OK",
                        "schema": {
                            "$ref": "#/definitions/dto.UserProfile"
                        }
                    },
                    "400": {
                        "description": "Bad Request",
                        "schema": {
                            "$ref": "#/definitions/utils.TelarError"
                        }
                    },
                    "500": {
                        "description": "Internal Server Error",
                        "schema": {
                            "$ref": "#/definitions/utils.TelarError"
                        }
                    }
                }
            }
        },
        "/dto/ids": {
            "post": {
                "security": [
                    {
                        "JWT": []
                    }
                ],
                "description": "Get profiles by IDs",
                "consumes": [
                    "application/json"
                ],
                "produces": [
                    "application/json"
                ],
                "tags": [
                    "profiles"
                ],
                "summary": "Get profiles by IDs",
                "parameters": [
                    {
                        "type": "string",
                        "default": "Bearer \u003cAdd_token_here\u003e",
                        "description": "Authentication",
                        "name": "Authorization",
                        "in": "header",
                        "required": true
                    },
                    {
                        "description": "Get profiles model",
                        "name": "body",
                        "in": "body",
                        "required": true,
                        "schema": {
                            "$ref": "#/definitions/models.GetProfilesModel"
                        }
                    }
                ],
                "responses": {
                    "200": {
                        "description": "OK",
                        "schema": {
                            "type": "array",
                            "items": {
                                "$ref": "#/definitions/dto.UserProfile"
                            }
                        }
                    },
                    "400": {
                        "description": "Bad Request",
                        "schema": {
                            "$ref": "#/definitions/utils.TelarError"
                        }
                    },
                    "500": {
                        "description": "Internal Server Error",
                        "schema": {
                            "$ref": "#/definitions/utils.TelarError"
                        }
                    }
                }
            }
        },
        "/follow/inc/{inc}/{userId}": {
            "put": {
                "security": [
                    {
                        "JWT": []
                    }
                ],
                "description": "Increase the follow count of a user by a specified amount",
                "produces": [
                    "application/json"
                ],
                "tags": [
                    "profile"
                ],
                "summary": "Increase follow count",
                "parameters": [
                    {
                        "type": "string",
                        "default": "Bearer \u003cAdd_token_here\u003e",
                        "description": "Authentication",
                        "name": "Authorization",
                        "in": "header",
                        "required": true
                    },
                    {
                        "type": "string",
                        "description": "User ID",
                        "name": "userId",
                        "in": "path",
                        "required": true
                    },
                    {
                        "type": "integer",
                        "description": "Increment value",
                        "name": "inc",
                        "in": "path",
                        "required": true
                    }
                ],
                "responses": {
                    "200": {
                        "description": "OK",
                        "schema": {
                            "type": "string"
                        }
                    },
                    "400": {
                        "description": "Bad request",
                        "schema": {
                            "$ref": "#/definitions/utils.TelarError"
                        }
                    }
                }
            }
        },
        "/follower/inc/{inc}/{userId}": {
            "put": {
                "security": [
                    {
                        "JWT": []
                    }
                ],
                "description": "Increase the follower count of a user by a specified amount",
                "produces": [
                    "application/json"
                ],
                "tags": [
                    "profile"
                ],
                "summary": "Increase follower count",
                "parameters": [
                    {
                        "type": "string",
                        "default": "Bearer \u003cAdd_token_here\u003e",
                        "description": "Authentication",
                        "name": "Authorization",
                        "in": "header",
                        "required": true
                    },
                    {
                        "type": "string",
                        "description": "User ID",
                        "name": "userId",
                        "in": "path",
                        "required": true
                    },
                    {
                        "type": "integer",
                        "description": "Increment value",
                        "name": "inc",
                        "in": "path",
                        "required": true
                    }
                ],
                "responses": {
                    "200": {
                        "description": "OK",
                        "schema": {
                            "type": "string"
                        }
                    },
                    "400": {
                        "description": "Bad request",
                        "schema": {
                            "$ref": "#/definitions/utils.TelarError"
                        }
                    }
                }
            }
        },
        "/id/{userId}": {
            "get": {
                "security": [
                    {
                        "JWT": []
                    }
                ],
                "description": "Read profile by user ID",
                "consumes": [
                    "application/json"
                ],
                "produces": [
                    "application/json"
                ],
                "tags": [
                    "profiles"
                ],
                "summary": "Read profile by user ID",
                "parameters": [
                    {
                        "type": "string",
                        "default": "Bearer \u003cAdd_token_here\u003e",
                        "description": "Authentication",
                        "name": "Authorization",
                        "in": "header",
                        "required": true
                    },
                    {
                        "type": "string",
                        "description": "User ID",
                        "name": "userId",
                        "in": "path",
                        "required": true
                    }
                ],
                "responses": {
                    "200": {
                        "description": "OK",
                        "schema": {
                            "$ref": "#/definitions/models.MyProfileModel"
                        }
                    },
                    "400": {
                        "description": "Bad Request",
                        "schema": {
                            "$ref": "#/definitions/utils.TelarError"
                        }
                    },
                    "500": {
                        "description": "Internal Server Error",
                        "schema": {
                            "$ref": "#/definitions/utils.TelarError"
                        }
                    }
                }
            }
        },
        "/index": {
            "post": {
                "security": [
                    {
                        "JWT": []
                    }
                ],
                "description": "Create a new index for user profiles",
                "consumes": [
                    "application/json"
                ],
                "produces": [
                    "application/json"
                ],
                "tags": [
                    "profiles"
                ],
                "summary": "Create a new index",
                "parameters": [
                    {
                        "type": "string",
                        "default": "Bearer \u003cAdd_token_here\u003e",
                        "description": "Authentication",
                        "name": "Authorization",
                        "in": "header",
                        "required": true
                    }
                ],
                "responses": {
                    "200": {
                        "description": "OK"
                    },
                    "400": {
                        "description": "Bad Request",
                        "schema": {
                            "$ref": "#/definitions/utils.TelarError"
                        }
                    },
                    "500": {
                        "description": "Internal Server Error",
                        "schema": {
                            "$ref": "#/definitions/utils.TelarError"
                        }
                    }
                }
            }
        },
        "/last-seen": {
            "put": {
                "security": [
                    {
                        "JWT": []
                    }
                ],
                "description": "Update the last seen time of a user",
                "consumes": [
                    "application/json"
                ],
                "produces": [
                    "application/json"
                ],
                "tags": [
                    "profile"
                ],
                "summary": "Update last seen time",
                "parameters": [
                    {
                        "type": "string",
                        "default": "Bearer \u003cAdd_token_here\u003e",
                        "description": "Authentication",
                        "name": "Authorization",
                        "in": "header",
                        "required": true
                    },
                    {
                        "description": "Update Last Seen Model",
                        "name": "body",
                        "in": "body",
                        "required": true,
                        "schema": {
                            "$ref": "#/definitions/models.UpdateLastSeenModel"
                        }
                    }
                ],
                "responses": {
                    "200": {
                        "description": "OK",
                        "schema": {
                            "type": "string"
                        }
                    },
                    "400": {
                        "description": "Bad request",
                        "schema": {
                            "$ref": "#/definitions/utils.TelarError"
                        }
                    }
                }
            }
        },
        "/my": {
            "get": {
                "security": [
                    {
                        "JWT": []
                    }
                ],
                "description": "Read my profile",
                "consumes": [
                    "application/json"
                ],
                "produces": [
                    "application/json"
                ],
                "tags": [
                    "profiles"
                ],
                "summary": "Read my profile",
                "parameters": [
                    {
                        "type": "string",
                        "default": "Bearer \u003cAdd_token_here\u003e",
                        "description": "Authentication",
                        "name": "Authorization",
                        "in": "header",
                        "required": true
                    }
                ],
                "responses": {
                    "200": {
                        "description": "OK",
                        "schema": {
                            "$ref": "#/definitions/models.MyProfileModel"
                        }
                    },
                    "400": {
                        "description": "Bad Request",
                        "schema": {
                            "$ref": "#/definitions/utils.TelarError"
                        }
                    },
                    "500": {
                        "description": "Internal Server Error",
                        "schema": {
                            "$ref": "#/definitions/utils.TelarError"
                        }
                    }
                }
            }
        },
        "/social/{name}": {
            "get": {
                "security": [
                    {
                        "JWT": []
                    }
                ],
                "description": "Get user profile by social name",
                "consumes": [
                    "application/json"
                ],
                "produces": [
                    "application/json"
                ],
                "tags": [
                    "profiles"
                ],
                "summary": "Get user profile by social name",
                "parameters": [
                    {
                        "type": "string",
                        "default": "Bearer \u003cAdd_token_here\u003e",
                        "description": "Authentication",
                        "name": "Authorization",
                        "in": "header",
                        "required": true
                    },
                    {
                        "type": "string",
                        "description": "Social name",
                        "name": "name",
                        "in": "path",
                        "required": true
                    }
                ],
                "responses": {
                    "200": {
                        "description": "OK",
                        "schema": {
                            "$ref": "#/definitions/models.MyProfileModel"
                        }
                    },
                    "400": {
                        "description": "Bad Request",
                        "schema": {
                            "$ref": "#/definitions/utils.TelarError"
                        }
                    },
                    "500": {
                        "description": "Internal Server Error",
                        "schema": {
                            "$ref": "#/definitions/utils.TelarError"
                        }
                    }
                }
            }
        }
    },
    "definitions": {
        "constants.UserPermissionConst": {
            "type": "string",
            "enum": [
                "OnlyMe",
                "Public",
                "Circles",
                "Custom"
            ],
            "x-enum-varnames": [
                "OnlyMe",
                "Public",
                "Circles",
                "Custom"
            ]
        },
        "dto.Location": {
            "type": "object",
            "properties": {
                "coordinates": {
                    "type": "array",
                    "items": {
                        "type": "number"
                    }
                },
                "type": {
                    "type": "string"
                }
            }
        },
        "dto.UserProfile": {
            "type": "object",
            "properties": {
                "accessUserList": {
                    "type": "array",
                    "items": {
                        "type": "string"
                    }
                },
                "address": {
                    "type": "string"
                },
                "avatar": {
                    "type": "string"
                },
                "banner": {
                    "type": "string"
                },
                "birthday": {
                    "type": "integer"
                },
                "companyName": {
                    "type": "string"
                },
                "country": {
                    "type": "string"
                },
                "created_date": {
                    "type": "integer"
                },
                "email": {
                    "type": "string"
                },
                "facebookId": {
                    "type": "string"
                },
                "followCount": {
                    "type": "integer"
                },
                "followerCount": {
                    "type": "integer"
                },
                "fullName": {
                    "type": "string"
                },
                "instagramId": {
                    "type": "string"
                },
                "lang": {
                    "type": "string"
                },
                "lastSeen": {
                    "type": "integer"
                },
                "last_updated": {
                    "type": "integer"
                },
                "linkedInId": {
                    "type": "string"
                },
                "liveLocation": {
                    "$ref": "#/definitions/dto.Location"
                },
                "objectId": {
                    "type": "string"
                },
                "permission": {
                    "$ref": "#/definitions/constants.UserPermissionConst"
                },
                "phone": {
                    "type": "string"
                },
                "postCount": {
                    "type": "integer"
                },
                "school": {
                    "type": "string"
                },
                "shareCount": {
                    "type": "integer"
                },
                "socialName": {
                    "type": "string"
                },
                "tagLine": {
                    "type": "string"
                },
                "twitterId": {
                    "type": "string"
                },
                "voteCount": {
                    "type": "integer"
                },
                "webUrl": {
                    "type": "string"
                }
            }
        },
        "handlers.UserProfileQueryModel": {
            "type": "object",
            "properties": {
                "notInclude": {
                    "type": "array",
                    "items": {
                        "type": "string"
                    }
                },
                "page": {
                    "type": "integer"
                },
                "search": {
                    "type": "string"
                }
            }
        },
        "models.DispatchProfilesModel": {
            "type": "object",
            "properties": {
                "reqUserId": {
                    "type": "string"
                },
                "userIds": {
                    "type": "array",
                    "items": {
                        "type": "string"
                    }
                }
            }
        },
        "models.GetProfilesModel": {
            "type": "object",
            "properties": {
                "userIds": {
                    "type": "array",
                    "items": {
                        "type": "string"
                    }
                }
            }
        },
        "models.MyProfileModel": {
            "type": "object",
            "properties": {
                "accessUserList": {
                    "type": "array",
                    "items": {
                        "type": "string"
                    }
                },
                "address": {
                    "type": "string"
                },
                "avatar": {
                    "type": "string"
                },
                "banner": {
                    "type": "string"
                },
                "birthday": {
                    "type": "integer"
                },
                "companyName": {
                    "type": "string"
                },
                "country": {
                    "type": "string"
                },
                "created_date": {
                    "type": "integer"
                },
                "email": {
                    "type": "string"
                },
                "facebookId": {
                    "type": "string"
                },
                "followCount": {
                    "type": "integer"
                },
                "followerCount": {
                    "type": "integer"
                },
                "fullName": {
                    "type": "string"
                },
                "instagramId": {
                    "type": "string"
                },
                "lastSeen": {
                    "type": "integer"
                },
                "last_updated": {
                    "type": "integer"
                },
                "linkedInId": {
                    "type": "string"
                },
                "objectId": {
                    "type": "string"
                },
                "permission": {
                    "$ref": "#/definitions/constants.UserPermissionConst"
                },
                "phone": {
                    "type": "string"
                },
                "postCount": {
                    "type": "integer"
                },
                "shareCount": {
                    "type": "integer"
                },
                "socialName": {
                    "type": "string"
                },
                "tagLine": {
                    "type": "string"
                },
                "twitterId": {
                    "type": "string"
                },
                "voteCount": {
                    "type": "integer"
                },
                "webUrl": {
                    "type": "string"
                }
            }
        },
        "models.ProfileUpdateModel": {
            "type": "object",
            "properties": {
                "accessUserList": {
                    "type": "array",
                    "items": {
                        "type": "string"
                    }
                },
                "avatar": {
                    "type": "string"
                },
                "banner": {
                    "type": "string"
                },
                "birthday": {
                    "type": "integer"
                },
                "companyName": {
                    "type": "string"
                },
                "facebookId": {
                    "type": "string"
                },
                "fullName": {
                    "type": "string"
                },
                "instagramId": {
                    "type": "string"
                },
                "last_updated": {
                    "type": "integer"
                },
                "linkedInId": {
                    "type": "string"
                },
                "permission": {
                    "$ref": "#/definitions/constants.UserPermissionConst"
                },
                "tagLine": {
                    "type": "string"
                },
                "twitterId": {
                    "type": "string"
                },
                "webUrl": {
                    "type": "string"
                }
            }
        },
        "models.UpdateLastSeenModel": {
            "type": "object",
            "properties": {
                "userId": {
                    "type": "string"
                }
            }
        },
        "utils.ErrorCodeMessage": {
            "type": "object",
            "properties": {
                "code": {
                    "type": "string"
                },
                "message": {
                    "type": "string"
                }
            }
        },
        "utils.TelarError": {
            "type": "object",
            "properties": {
                "error": {
                    "$ref": "#/definitions/utils.ErrorCodeMessage"
                }
            }
        }
    },
    "securityDefinitions": {
        "JWT": {
            "type": "apiKey",
            "name": "Authorization",
            "in": "header"
        }
    }
}