{
    "swagger": "2.0",
    "info": {
        "description": "This is an API to handle users settings",
        "title": "Setting micro API",
        "termsOfService": "http://swagger.io/terms/",
        "contact": {
            "name": "API Support",
            "email": "dev@telar.dev"
        },
        "license": {
            "name": "MIT",
            "url": "https://github.com/red-gold/telar-web/blob/master/LICENSE"
        },
        "version": "1.0"
    },
    "host": "social.faas.telar.dev",
    "basePath": "/setting",
    "paths": {
        "/": {
            "get": {
                "security": [
                    {
                        "JWT": []
                    }
                ],
                "description": "Get all user settings for the current user",
                "consumes": [
                    "application/json"
                ],
                "produces": [
                    "application/json"
                ],
                "tags": [
                    "user-settings"
                ],
                "summary": "Get all user settings",
                "parameters": [
                    {
                        "type": "string",
                        "default": "Bearer \u003cAdd_token_here\u003e",
                        "description": "Authentication",
                        "name": "Authorization",
                        "in": "header",
                        "required": true
                    }
                ],
                "responses": {
                    "200": {
                        "description": "OK",
                        "schema": {
                            "type": "object",
                            "additionalProperties": {
                                "type": "array",
                                "items": {
                                    "$ref": "#/definitions/models.GetSettingGroupItemModel"
                                }
                            }
                        }
                    },
                    "400": {
                        "description": "Bad Request",
                        "schema": {
                            "$ref": "#/definitions/utils.TelarError"
                        }
                    },
                    "500": {
                        "description": "Internal Server Error",
                        "schema": {
                            "$ref": "#/definitions/utils.TelarError"
                        }
                    }
                }
            },
            "put": {
                "security": [
                    {
                        "JWT": []
                    }
                ],
                "description": "Update user settings for the current user",
                "consumes": [
                    "application/json"
                ],
                "produces": [
                    "application/json"
                ],
                "tags": [
                    "user-settings"
                ],
                "summary": "Update user settings",
                "parameters": [
                    {
                        "type": "string",
                        "default": "Bearer \u003cAdd_token_here\u003e",
                        "description": "Authentication",
                        "name": "Authorization",
                        "in": "header",
                        "required": true
                    },
                    {
                        "description": "Update setting group model",
                        "name": "body",
                        "in": "body",
                        "required": true,
                        "schema": {
                            "$ref": "#/definitions/models.UpdateSettingGroupModel"
                        }
                    }
                ],
                "responses": {
                    "200": {
                        "description": "OK"
                    },
                    "400": {
                        "description": "Bad Request",
                        "schema": {
                            "$ref": "#/definitions/utils.TelarError"
                        }
                    },
                    "500": {
                        "description": "Internal Server Error",
                        "schema": {
                            "$ref": "#/definitions/utils.TelarError"
                        }
                    }
                }
            },
            "post": {
                "security": [
                    {
                        "JWT": []
                    }
                ],
                "description": "Create a new setting group",
                "consumes": [
                    "application/json"
                ],
                "produces": [
                    "application/json"
                ],
                "tags": [
                    "setting-group"
                ],
                "summary": "Create a new setting group",
                "parameters": [
                    {
                        "type": "string",
                        "default": "Bearer \u003cAdd_token_here\u003e",
                        "description": "Authentication",
                        "name": "Authorization",
                        "in": "header",
                        "required": true
                    },
                    {
                        "description": "CreateMultipleSettingsModel",
                        "name": "body",
                        "in": "body",
                        "required": true,
                        "schema": {
                            "$ref": "#/definitions/models.CreateMultipleSettingsModel"
                        }
                    }
                ],
                "responses": {
                    "200": {
                        "description": "OK"
                    },
                    "400": {
                        "description": "Bad Request",
                        "schema": {
                            "$ref": "#/definitions/utils.TelarError"
                        }
                    },
                    "500": {
                        "description": "Internal Server Error",
                        "schema": {
                            "$ref": "#/definitions/utils.TelarError"
                        }
                    }
                }
            },
            "delete": {
                "security": [
                    {
                        "JWT": []
                    }
                ],
                "description": "Delete all user settings for the current user",
                "consumes": [
                    "application/json"
                ],
                "produces": [
                    "application/json"
                ],
                "tags": [
                    "user-settings"
                ],
                "summary": "Delete all user settings",
                "parameters": [
                    {
                        "type": "string",
                        "default": "Bearer \u003cAdd_token_here\u003e",
                        "description": "Authentication",
                        "name": "Authorization",
                        "in": "header",
                        "required": true
                    }
                ],
                "responses": {
                    "200": {
                        "description": "OK",
                        "schema": {
                            "type": "string"
                        }
                    },
                    "400": {
                        "description": "Bad Request",
                        "schema": {
                            "$ref": "#/definitions/utils.TelarError"
                        }
                    },
                    "500": {
                        "description": "Internal Server Error",
                        "schema": {
                            "$ref": "#/definitions/utils.TelarError"
                        }
                    }
                }
            }
        },
        "/dto/ids": {
            "post": {
                "security": [
                    {
                        "JWT": []
                    }
                ],
                "description": "Get settings by user IDs",
                "consumes": [
                    "application/json"
                ],
                "produces": [
                    "application/json"
                ],
                "tags": [
                    "user-settings"
                ],
                "summary": "Get settings by user IDs",
                "parameters": [
                    {
                        "type": "string",
                        "default": "Bearer \u003cAdd_token_here\u003e",
                        "description": "Authentication",
                        "name": "Authorization",
                        "in": "header",
                        "required": true
                    },
                    {
                        "description": "Get settings model",
                        "name": "body",
                        "in": "body",
                        "required": true,
                        "schema": {
                            "$ref": "#/definitions/models.GetSettingsModel"
                        }
                    }
                ],
                "responses": {
                    "200": {
                        "description": "OK",
                        "schema": {
                            "type": "object",
                            "additionalProperties": {
                                "type": "string"
                            }
                        }
                    },
                    "400": {
                        "description": "Bad Request",
                        "schema": {
                            "$ref": "#/definitions/utils.TelarError"
                        }
                    },
                    "500": {
                        "description": "Internal Server Error",
                        "schema": {
                            "$ref": "#/definitions/utils.TelarError"
                        }
                    }
                }
            }
        },
        "/user-setting": {
            "post": {
                "security": [
                    {
                        "JWT": []
                    }
                ],
                "description": "Create a new user setting",
                "consumes": [
                    "application/json"
                ],
                "produces": [
                    "application/json"
                ],
                "tags": [
                    "user-setting"
                ],
                "summary": "Create a new user setting",
                "parameters": [
                    {
                        "type": "string",
                        "default": "Bearer \u003cAdd_token_here\u003e",
                        "description": "Authentication",
                        "name": "Authorization",
                        "in": "header",
                        "required": true
                    },
                    {
                        "description": "CreateUserSettingModel",
                        "name": "body",
                        "in": "body",
                        "required": true,
                        "schema": {
                            "$ref": "#/definitions/models.CreateUserSettingModel"
                        }
                    }
                ],
                "responses": {
                    "200": {
                        "description": "OK",
                        "schema": {
                            "allOf": [
                                {
                                    "$ref": "#/definitions/fiber.Map"
                                },
                                {
                                    "type": "object",
                                    "properties": {
                                        "objectId": {
                                            "type": "string"
                                        }
                                    }
                                }
                            ]
                        }
                    },
                    "400": {
                        "description": "Bad Request",
                        "schema": {
                            "$ref": "#/definitions/utils.TelarError"
                        }
                    },
                    "500": {
                        "description": "Internal Server Error",
                        "schema": {
                            "$ref": "#/definitions/utils.TelarError"
                        }
                    }
                }
            }
        },
        "/userSettings": {
            "get": {
                "security": [
                    {
                        "JWT": []
                    }
                ],
                "description": "Query user settings based on search, owner, and type",
                "consumes": [
                    "application/json"
                ],
                "produces": [
                    "application/json"
                ],
                "tags": [
                    "user-settings"
                ],
                "summary": "Query user settings",
                "parameters": [
                    {
                        "type": "string",
                        "default": "Bearer \u003cAdd_token_here\u003e",
                        "description": "Authentication",
                        "name": "Authorization",
                        "in": "header",
                        "required": true
                    },
                    {
                        "description": "Query parameters",
                        "name": "query",
                        "in": "body",
                        "required": true,
                        "schema": {
                            "$ref": "#/definitions/handlers.UserSettingQueryModel"
                        }
                    }
                ],
                "responses": {
                    "200": {
                        "description": "OK",
                        "schema": {
                            "type": "array",
                            "items": {
                                "$ref": "#/definitions/dto.UserSetting"
                            }
                        }
                    },
                    "400": {
                        "description": "Bad Request",
                        "schema": {
                            "$ref": "#/definitions/utils.TelarError"
                        }
                    },
                    "500": {
                        "description": "Internal Server Error",
                        "schema": {
                            "$ref": "#/definitions/utils.TelarError"
                        }
                    }
                }
            }
        },
        "/userSettings/{key}": {
            "get": {
                "security": [
                    {
                        "JWT": []
                    }
                ],
                "description": "Get a user setting by ID for the current user",
                "consumes": [
                    "application/json"
                ],
                "produces": [
                    "application/json"
                ],
                "tags": [
                    "user-settings"
                ],
                "summary": "Get a user setting by ID",
                "parameters": [
                    {
                        "type": "string",
                        "default": "Bearer \u003cAdd_token_here\u003e",
                        "description": "Authentication",
                        "name": "Authorization",
                        "in": "header",
                        "required": true
                    },
                    {
                        "type": "string",
                        "description": "User setting ID",
                        "name": "key",
                        "in": "path",
                        "required": true
                    }
                ],
                "responses": {
                    "200": {
                        "description": "OK",
                        "schema": {
                            "$ref": "#/definitions/models.UserSettingModel"
                        }
                    },
                    "400": {
                        "description": "Bad Request",
                        "schema": {
                            "$ref": "#/definitions/utils.TelarError"
                        }
                    },
                    "500": {
                        "description": "Internal Server Error",
                        "schema": {
                            "$ref": "#/definitions/utils.TelarError"
                        }
                    }
                }
            },
            "delete": {
                "security": [
                    {
                        "JWT": []
                    }
                ],
                "description": "Delete a user setting by ID",
                "consumes": [
                    "application/json"
                ],
                "produces": [
                    "application/json"
                ],
                "tags": [
                    "user-settings"
                ],
                "summary": "Delete a user setting",
                "parameters": [
                    {
                        "type": "string",
                        "default": "Bearer \u003cAdd_token_here\u003e",
                        "description": "Authentication",
                        "name": "Authorization",
                        "in": "header",
                        "required": true
                    },
                    {
                        "type": "string",
                        "description": "User Setting ID",
                        "name": "key",
                        "in": "path",
                        "required": true
                    }
                ],
                "responses": {
                    "200": {
                        "description": "OK",
                        "schema": {
                            "type": "string"
                        }
                    },
                    "400": {
                        "description": "Bad Request",
                        "schema": {
                            "$ref": "#/definitions/utils.TelarError"
                        }
                    },
                    "500": {
                        "description": "Internal Server Error",
                        "schema": {
                            "$ref": "#/definitions/utils.TelarError"
                        }
                    }
                }
            }
        }
    },
    "definitions": {
        "dto.UserSetting": {
            "type": "object",
            "properties": {
                "created_date": {
                    "type": "integer"
                },
                "isSystem": {
                    "type": "boolean"
                },
                "name": {
                    "type": "string"
                },
                "objectId": {
                    "type": "string"
                },
                "ownerUserId": {
                    "type": "string"
                },
                "type": {
                    "type": "string"
                },
                "value": {
                    "type": "string"
                }
            }
        },
        "fiber.Map": {
            "type": "object",
            "additionalProperties": true
        },
        "handlers.UserSettingQueryModel": {
            "type": "object",
            "properties": {
                "owner": {
                    "type": "string"
                },
                "page": {
                    "type": "integer"
                },
                "search": {
                    "type": "string"
                },
                "type": {
                    "type": "integer"
                }
            }
        },
        "models.CreateMultipleSettingsModel": {
            "type": "object",
            "properties": {
                "list": {
                    "type": "array",
                    "items": {
                        "$ref": "#/definitions/models.CreateSettingGroupModel"
                    }
                }
            }
        },
        "models.CreateSettingGroupModel": {
            "type": "object",
            "properties": {
                "list": {
                    "type": "array",
                    "items": {
                        "$ref": "#/definitions/models.SettingGroupItemModel"
                    }
                },
                "type": {
                    "type": "string"
                }
            }
        },
        "models.CreateUserSettingModel": {
            "type": "object",
            "properties": {
                "name": {
                    "type": "string"
                },
                "type": {
                    "type": "string"
                },
                "value": {
                    "type": "string"
                }
            }
        },
        "models.GetSettingGroupItemModel": {
            "type": "object",
            "properties": {
                "isSystem": {
                    "type": "boolean"
                },
                "name": {
                    "type": "string"
                },
                "objectId": {
                    "type": "string"
                },
                "value": {
                    "type": "string"
                }
            }
        },
        "models.GetSettingGroupModel": {
            "type": "object",
            "properties": {
                "created_date": {
                    "type": "integer"
                },
                "list": {
                    "type": "array",
                    "items": {
                        "$ref": "#/definitions/models.GetSettingGroupItemModel"
                    }
                },
                "ownerUserId": {
                    "type": "string"
                },
                "type": {
                    "type": "string"
                }
            }
        },
        "models.GetSettingsModel": {
            "type": "object",
            "properties": {
                "type": {
                    "type": "string"
                },
                "userIds": {
                    "type": "array",
                    "items": {
                        "type": "string"
                    }
                }
            }
        },
        "models.SettingGroupItemModel": {
            "type": "object",
            "properties": {
                "name": {
                    "type": "string"
                },
                "value": {
                    "type": "string"
                }
            }
        },
        "models.UpdateSettingGroupModel": {
            "type": "object",
            "properties": {
                "created_date": {
                    "type": "integer"
                },
                "list": {
                    "type": "array",
                    "items": {
                        "$ref": "#/definitions/models.GetSettingGroupItemModel"
                    }
                },
                "ownerUserId": {
                    "type": "string"
                },
                "type": {
                    "type": "string"
                }
            }
        },
        "models.UserSettingModel": {
            "type": "object",
            "properties": {
                "created_date": {
                    "type": "integer"
                },
                "isSystem": {
                    "type": "boolean"
                },
                "name": {
                    "type": "string"
                },
                "objectId": {
                    "type": "string"
                },
                "ownerUserId": {
                    "type": "string"
                },
                "type": {
                    "type": "string"
                },
                "value": {
                    "type": "string"
                }
            }
        },
        "utils.ErrorCodeMessage": {
            "type": "object",
            "properties": {
                "code": {
                    "type": "string"
                },
                "message": {
                    "type": "string"
                }
            }
        },
        "utils.TelarError": {
            "type": "object",
            "properties": {
                "error": {
                    "$ref": "#/definitions/utils.ErrorCodeMessage"
                }
            }
        }
    },
    "securityDefinitions": {
        "JWT": {
            "type": "apiKey",
            "name": "Authorization",
            "in": "header"
        }
    }
}